id,name,title,image,thumb_image,rarity,type,release_date,unique_effect,hint_skill_ids,event_skill_ids,highlight_skill_ids,stat_gain,stat_icon
maruzensky,Maruzensky,[Sentimental Flare ♪],Maruzensky_speedSSR01.png,maruzensky.png,SSR,Speed,2026-07-02,Gain Training Effectiveness (5) per every level of the current training facility,summer_runner|triple_7s|front_runner_straightaways|front_runner_corners|leader_s_pride|slipstream|playtime_s_over|early_lead|groundwork|focus,focus|top_runner|early_lead,top_runner,Speed +6|Power +2,stat.png
taiki_shuttle,Taiki Shuttle,"[Hands Up, Crook!]",Taiki_SSR01.png,taiki_shuttle_card.png,SSR,speed,2026-06-04,"Gain Speed Bonus (1) and Skill Point Bonus (1) when the bond gauge is at least 80","wet_conditions|productive_plan|mile_straightaways|shifting_gears|acceleration|speed_eater","mile_corners|mile_maven|prepared_to_pass","mile_maven","Speed +6|Power +2",stat.png
el_condor_pasa,El Condor Pasa,"[Mud-Caked Compañero]",Pasa_SR01.png,el_condor_pasa.png,SR,speed,2026-06-25,Increases Speed gain when training together (1)|Increases the frequency at which the character participates in their preferred training type (20),"standard_distance|prepared_to_pass|up_tempo|pace_chaser_straightaways|head_on","pace_chaser_corners|sunny_days",,Speed +6|Power +2,stat.png
seeking_the_pearl,Seeking the Pearl,[Cheer that Changed the World],Pearl_SSR01.png,seeking_the_pearl.png,SSR,speed,2026-04-26,"The more maximum energy you have the higher Training Effectiveness you'll gain","firm_conditions|pace_chaser_savvy|late_surger_savvy|watchful_eye|prepared_to_pass|slick_surge|sprinting_gear|head_on|sharp_gaze","updrafters|light_as_a_feather|dauntless|uma_stan","dauntless",Speed +6|Power +2,stat.png
air_shakur,Air Shakur,[Mag!c Number],Shakur_SSR01.png,air_shakur.png,SSR,Speed,2026-04-05,"Gain Speed Bonus (2) when the bond gauge is at least 80 (Unlock at level 40)","standing_by|levelheaded|up_tempo|end_closer_corners|straightaway_spurt","eager|end_closer_straightaways|serenity|pace_strategy","serenity",Speed +6|Power +2,stat.png
narita_top_road,Narita Top Road,[Peachy Silhouette],TopRoad_SSR01.png,narita_top_road.png,SSR,Speed,2026-03-12,"Gain Increased Training (1) per 10000 fans, up to (20) for 200000 fans","non_standard_distance|firm_conditions|inner_post_proficiency|preferred_position|prepared_to_pass|long_straightaways|all_i_ve_got","pace_chaser_savvy|pressure|firm_course_menace|up_tempo","firm_course_menace",Speed +6|Power +2,stat.png
tosen_jordan,Tosen Jordan,[My Way],Jordan_SSR01.png,tosen_jordan.png,SSR,Speed,2026-02-18,"Increases the effectiveness of training performed together (5%)|Increases the frequency at which hint events occur (20%)","long_shot|stamina_to_spare|position_pilfer|medium_straightaways|medium_corners|pace_chaser_straightaways","breath_of_fresh_air|straightaway_recovery|lucky_seven","breath_of_fresh_air",Speed +6|Power +2,stat.png
matikanefukukitaru,Matikanefukukitaru,[Touching Sleeves Is Good Luck! ♪],Fuku_SSR01.png,matikanefukukitaru.png,SSR,Speed,2026-01-29,"Amplifies the effect of mood when training together (15%)|Decreases the probability of failure when training together (10%)","hakodate_racecourse|lucky_seven|calm_in_a_crowd|a_small_breather|triple_7s|late_surger_corners|trick_rear","super_lucky_seven|lucky_seven","super_lucky_seven",Speed +6|Power +2,stat.png
silence_suzuka,Silence Suzuka,[Searching for Unseen Sights],Suzuka_SSR01.png,silence_suzuka.png,SSR,Speed,2026-01-22,"Increases the effectiveness of training performed together (5%)|Increases stat gain from races (5%) (Unlock at lv.40)","front_runner_savy|rosy_outlook|fast_paced|front_runner_straightaways|front_runner_corners|leader_s_pride|final_push|focus","trackblazer|left_handed","trackblazer",Speed +6|Power +2,
mayano_top_gun,Mayano Top Gun,[Party Formation],TopGun_SSR01.png,mayano_top_gun.png,SSR,Speed,2026-01-05,"Increases Power gain when training together (1)|Increases initial Friendship Gauge when beginning a Career playthrough (15)","non_standard_distance|straightaway_recovery|corner_adept|straightaway_adept|nimble_navigator|go_with_the_flow","head_on|competitive_spirit|restless|straightaway_adept","restless",Speed +6|Power +2,stat.png
zenno_rob_roy,Zenno Rob Roy,[Magical Heroine],RobRoy_SSR01.png,zenno_rob_roy.png,SSR,Speed,2025-11-24,"Increases the effectiveness of Friendship Training (10%)|Increases the effectiveness of training performed together (5%)","pace_chaser_savvy|late_surger_savvy|straightaway_adept|nimble_navigator|shrewd_step|prudent_positioning|go_with_the_flow|studious","right_handed|left_handed|lie_in_wait|medium_straightaways","lie_in_wait",Speed +6|Power +2,stat.png
sweep_tosho,Sweep Tosho,[It's All Mine!],Tosho_SSR01.png,sweep_tosho.png,SSR,Speed,2025-10-14,"Increases the effectiveness of Friendship Training (10%)|Increases Speed gain when training together (1)","after_school_stroll|slipstream|prudent_positioning|i_can_see_right_through_you|trick_front|trick_rear|murmur","straightaway_spurt|crusader","crusader",Speed +6|Power +2,stat.png
narita_brian,Narita Brian,[Two Pieces],Brian_SSR01.png,narita_brian.png,SSR,Speed,2025-10-07,"Increases Speed gain when training together (1)|Increases initial Speed when beginning a Career playthrough (20) (Unique unlock at lv.40)","right_handed|preferred_position|hydrate|outer_swell|inside_scoop|medium_straightaways|medium_corners|long_straightaways","shatterproof|lone_wolf","shatterproof",Speed +6|Power +2,stat.png
gold_ship,Gold Ship,[That Time I Became the Strongest],Ship_SSR01.png,gold_ship.png,SSR,Speed,2025-09-21,"Increases Power gain when training together (1)|Increases the frequency at which hint events occur (20%) (Unlock at lv.40)","sympathy|end_closer_savy|standing_by|after_school_stroll|inside_scoop|pressure|uma_stan|straightaway_spurt|highlander|groundwork|i_can_see_right_through_you|strategist|intense_gaze|smoke_screen","long_straightaways|inside_scoop|innate_experience|maverick|hanshin_racecourse","innate_experience",Speed +6|Power +2,stat.png
kawakami_princess,Kawakami Princess,[Princess Bride],Princess_SSR01.png,kawakami_princess.png,SSR,Speed,2025-08-28,"Increases Speed gain when training together (1)|Increases initial Speed when beginning a Career playthrough (20)","standard_distance|preferred_position|soft_step|tactical_tweak","tether|center_stage|steadfast","center_stage",Speed +6|Power +2,stat.png
kitasan_black,Kitasan Black,[Fire at My Heels],Kita_SSR01.png,kitasan_black.png,SSR,Speed,2025-07-16,"Increases the effectiveness of training performed together (5%)|Increases the frequency at which the character participates in their preferred training type (20%)","corner_recovery|straightaway_recovery|extra_tank|corner_adept|long_corners|front_runner_straightaways|dodging_danger|focus","straightaway_adept|professor_of_curvature","professor_of_curvature",Speed +6|Power +2,stat.png
twin_turbo,Twin Turbo,[Turbo Booooost!],Turbo_SSR01.png,twin_turbo.png,SSR,Speed,2025-07-02,"Amplifies the effect of mood when training together (15%)|Increases stat gain from races (5%)","competitive_spirit|target_in_sight|moxie|fast_paced|leader_s_pride|early_lead","leader_s_pride|early_lead|taking_the_lead|watchful_eye","taking_the_lead",Speed +6|Power +2,stat.png
special_week,Special Week,[The Setting Sun and Rising Stars],Week_SSR01.png,special_week.png,SSR,Speed,2025-06-26,"Increases the effectiveness of training performed together (5%)|Increases stat gain from races (5%) (Unlock at lv.40)","wet_conditions|rainy_days|late_surger_savvy|hydrate|homestretch_haste|outer_swell|steadfast","shake_it_out|hydrate|gourmand|extra_tank","gourmand",Speed +6|Power +2,stat.png
silence_suzuka_ssr02,Silence Suzuka,[Beyond This Shining Moment],Suzuka_SSR02.png,silence_suzuka_ssr02.png,SSR,Speed,2025-06-26,"Amplifies the effect of mood when training together (15%)|Increases the frequency at which hint events occur (20%)","front_runner_savy|rosy_outlook|fast_paced|front_runner_straightaways|front_runner_corners|leader_s_pride|final_push|focus","restart|focus|unrestrained|left_handed","unrestrained",Speed +6|Power +2,stat.png
tokai_teio,Tokai Teio,[Dream Big!],Teio_SSR01.png,tokai_teio.png,SSR,Speed,2025-06-26,"Increases the effectiveness of Friendship Training (10%)|Increases initial Speed when beginning a Career playthrough (20)","soft_step|nimble_navigator|shrewd_step|prudent_positioning|go_with_the_flow|thunderbolt_step","rushing_gale|pace_chaser_straightaways","rushing_gale",Speed +6|Power +2,stat.png
gold_city,Gold City,[Run(my)way],City_SSR01.png,gold_city.png,SSR,Speed,2025-06-26,"Increases Speed gain when training together (1)|Increases initial Speed when beginning a Career playthrough (20)","sapporo_racecourse|watchful_eye|acceleration","go_with_the_flow|keen_eye|a_small_breather","keen_eye",Speed +6|Power +2,stat.png
sakura_bakushin_o,Sakura Bakushin O,[Eat Fast! Yum Fast!],Bakushin_SSR01.png,sakura_bakushin.png,SSR,Speed,2025-06-26,"Increases the effectiveness of Friendship Training (10%)|Increases initial Friendship Gauge when beginning a Career playthrough (15)","sprint_straightaways|sprint_corners|huge_lead|sprinting_gear|countermeasure|intimidate|frenzied_front_runners|fluster_front_runners","turbo_sprint|gap_closer","turbo_sprint",Speed +6|Power +2,stat.png
nishino_flower,Nishino Flower,[Even the Littlest Bud],Flower_SSR01.png,nishino_flower.png,SSR,Speed,2025-06-26,"Amplifies the effect of mood when training together (15%)|Increases initial Friendship Gauge when beginning a Career playthrough (15)","hanshin_racecourse|standard_distance|firm_conditions|pace_chaser_corners|updrafters","countermeasure|beeline_burst|straightaway_adept","beeline_burst",Speed +6|Power +2,stat.png
biko_pegasus,Biko Pegasus,[Double Carrot Punch!],Biko_SSR01.png,biko_pegasus.png,SSR,Speed,2025-06-26,"Increases the effectiveness of training performed together (5%)|Increases the frequency at which the character participates in their preferred training type (20)","outer_post_proficiency|wait_and_see|gap_closer|productive_plan|updrafters|meticulous_measures|stop_right_there!","plan_x|sprint_straightaways","plan_x",Speed +6|Power +2,stat.png
curren_chan_sr,Curren Chan,[Cozy Cute Memory ♪],Curren_SR01.png,curren_chan.png,SR,Speed,2026-03-22,"Increases the effectiveness of Friendship Training (10%)|Increases stat gain from races (5%)","sprint_straightaways|sprinting_gear|meticulous_measures|hesitant_late_surgers|disorient","shrewd_step|sprint_corners|intimidate",,Speed +6|Power +2,stat.png
vodka_sr,Vodka,[An Annoying Supervisor],Vodka_SR01.png,vodka_sr.png,SR,Speed,2025-12-28,"Increases the effectiveness of training performed together (5%)|Increases the frequency at which hint events occur (20%)","tokyo_racecourse|straightaway_recovery|straightaway_adept|homestretch_haste|mile_straightaways|medium_straightaways|straightaway_acceleration|slick_surge|updrafters","mile_corners|nimble_navigator",,Speed +6|Power +2,stat.png
shinko_windy_sr,Shinko Windy,[///WARNING GATE///],Windy_SR01.png,shinko_windy_sr.png,SR,Speed,2025-09-17,"Increases the effectiveness of Friendship Training (10%)|Increases initial Friendship Gauge when beginning a Career playthrough (15)","wet_conditions|competitive_spirit|prepared_to_pass|hesitant_front_runners","shifting_gears|unyielding_spirit",,Speed +6|Power +2,stat.png
sweep_tosho_sr,Sweep Tosho,[Lamplit Training of a Witch-to-Be],Tosho_SR01.png,sweep_tosho_sr.png,SR,Speed,2025-06-26,"Increases the effectiveness of training performed together (5%)|Increases the frequency at which hint events occur (20%)","after_school_stroll|slipstream|prudent_positioning|i_can_see_right_through_you|trick_front|trick_rear|murmur","lucky_seven|maverick|levelheaded|lone_wolf",,Speed +6|Power +2,stat.png
eishin_flash_sr,Eishin Flash,[5:00 a.m.—Right on Schedule],Eishin_SR01.png,eishin_flash_sr.png,SR,Speed,2025-06-26,"Amplifies the effect of mood when training together (15%)|Increases stat gain from races (5%)","standard_distance|late_surger_straightaways|late_surger_corners|straightaway_acceleration|fighter","homestretch_haste|target_in_sight",,Speed +6|Power +2,stat.png
narita_taishin_sr,Narita Taishin,[Poolside High Tides],Taishin_SR01.png,narita_taishin_sr.png,SR,Speed,2025-06-26,"Amplifies the effect of mood when training together (15%)|Increases the frequency at which the character participates in their preferred training type (20)","lone_wolf|lay_low|calm_in_a_crowd|standing_by|masterful_gambit|end_closer_corners|intense_gaze","i_can_see_right_through_you|pressure",,Speed +6|Power +2,stat.png
king_halo,King Halo,[First-Rate Plan],Halo_SR01.png,king_halo_sr.png,SR,Speed,2025-06-26,"Increases Speed gain when training together (1)|Increases initial Speed when beginning a Career playthrough (20)","outer_post_proficiency|firm_conditions|cloudy_days|corner_recovery|wait_and_see|gap_closer","homestretch_haste",,Speed +6|Power +2,stat.png
narita_top_road_r,Narita Top Road,[Tracen Academy],TopRoad_R01.png,narita_top_road_r.png,R,Speed,2026-03-12,,"non_standard_distance|firm_conditions|inner_post_proficiency|preferred_position|long_straightaways|all_i_ve_got","up_tempo",,Speed +6|Power +2,stat.png
narita_brian_r,Narita Brian,[Tracen Academy],Brian_R01.png,narita_brian_r.png,R,Speed,2025-10-07,,"right_handed|preferred_position|hydrate|outer_swell|inside_scoop|medium_straightaways|medium_corners|long_straightaways","lone_wolf",,Speed +6|Power +2,stat.png
shinko_windy_r,Shinko Windy,[Tracen Academy],Windy_R01.png,shinko_windy_r.png,R,Speed,2025-09-17,,"wet_conditions|competitive_spirit|prepared_to_pass|hesitant_front_runners","unyielding_spirit",,Speed +6|Power +2,stat.png
kawakami_princess_r,Kawakami Princess,[Tracen Academy],Princess_R01.png,kawakami_princess_r.png,R,Speed,2025-08-28,,"standard_distance|preferred_position|soft_step|tactical_tweak","steadfast",,Speed +6|Power +2,stat.png
kitasan_black_r,Kitasan Black,[Tracen Academy],Kita_R01.png,kitasan_black_r.png,R,Speed,2025-07-16,,"corner_recovery|straightaway_recovery|extra_tank|corner_adept|long_corners|front_runner_straightaways|dodging_danger|focus",,,Speed +6|Power +2,stat.png
twin_turbo_r,Twin Turbo,[Tracen Academy],Turbo_R01.png,twin_turbo_r.png,R,Speed,2025-07-02,,"competitive_spirit|target_in_sight|moxie|fast_paced|leader_s_pride|early_lead","early_lead",,Speed +6|Power +2,stat.png
sweep_tosho_r,Sweep Tosho,[Tracen Academy],Tosho_R01.png,sweep_tosho_r.png,R,Speed,2025-06-26,,"after_school_stroll|slipstream|prudent_positioning|i_can_see_right_through_you|trick_front|trick_rear|murmur","lucky_seven|maverick|levelheaded|lone_wolf",,Speed +6|Power +2,stat.png
silence_suzuka_r,Silence Suzuka,[Tracen Academy],Suzuka_R01.png,silence_suzuka_r.png,R,Speed,2025-06-26,,"front_runner_savy|rosy_outlook|fast_paced|front_runner_straightaways|front_runner_corners|leader_s_pride|final_push|focus","left_handed",,Speed +6|Power +2,stat.png
tokai_teio_r,Tokai Teio,[Tracen Academy],Teio_R01.png,tokai_teio_r.png,R,Speed,2025-06-26,,"soft_step|nimble_navigator|shrewd_step|prudent_positioning|go_with_the_flow|thunderbolt_step","pace_chaser_straightaways",,Speed +6|Power +2,stat.png
maruzensky_r,Maruzensky,[Tracen Academy],Maruzensky_R01.png,maruzensky_r.png,R,Speed,2025-06-26,,"productive_plan|mile_corners|shifting_gears|early_lead|acceleration","early_lead",,Speed +6|Power +2,stat.png
gold_city_r,Gold City,[Tracen Academy],City_R01.png,gold_city_r.png,R,Speed,2025-06-26,,"sapporo_racecourse|watchful_eye|acceleration","a_small_breather",,Speed +6|Power +2,stat.png
sakura_bakushin_o_r,Sakura Bakushin O,[Tracen Academy],Bakushin_R01.png,sakura_bakushin_r.png,R,Speed,2025-06-26,,"sprint_straightaways|sprint_corners|huge_lead|sprinting_gear|countermeasure|intimidate|frenzied_front_runners|fluster_front_runners","gap_closer",,Speed +6|Power +2,stat.png
eishin_flash_r,Eishin Flash,[Tracen Academy],Eishin_R01.png,eishin_flash_r.png,R,Speed,2025-06-26,,"standard_distance|late_surger_straightaways|late_surger_corners|straightaway_acceleration|fighter","target_in_sight",,Speed +6|Power +2,stat.png
narita_taishin_r,Narita Taishin,[Tracen Academy],Taishin_R01.png,narita_taishin_r.png,R,Speed,2025-06-26,,"lone_wolf|lay_low|calm_in_a_crowd|standing_by|masterful_gambit|end_closer_corners|intense_gaze","pressure",,Speed +6|Power +2,stat.png
nishino_flower_r,Nishino Flower,[Tracen Academy],Flower_R01.png,nishino_flower_r.png,R,Speed,2025-06-26,,"hanshin_racecourse|standard_distance|firm_conditions|pace_chaser_corners|updrafters",,,Speed +6|Power +2,stat.png
biko_pegasus_r,Biko Pegasus,[Tracen Academy],Biko_R01.png,biko_pegasus_r.png,R,Speed,2025-06-26,,"outer_post_proficiency|wait_and_see|gap_closer|productive_plan|updrafters|meticulous_measures|stop_right_there!","sprint_straightaways",,Speed +6|Power +2,stat.png
king_halo_r,King Halo,[Tracen Academy],Halo_R01.png,king_halo_r.png,R,Speed,2025-06-26,,"outer_post_proficiency|firm_conditions|cloudy_days|corner_recovery|wait_and_see|gap_closer","homestretch_haste",,Speed +6|Power +2,stat.png

zenno_rob_roy_stamina,Zenno Rob Roy,"[""Rhodonite and the Dreamstone""]",RobRoy_staminaSSR01.png,zenno_rob_roy_stamina.png,SSR,Stamina,2026-06-11,"Gain Training Effectiveness (10) when the bond gauge is at least 80 (Unlock at lv.40)",tokyo_racecourse|pace_chaser_savvy|late_surger_savvy|up_tempo|medium_corners|tether,studious|tactical_tweak|clairvoyance|medium_straightaways,clairvoyance,Stamina +6|Guts +2,stat.png
ikuno_dictus_stamina,Ikuno Dictus,[Beloved Orchid Bouquet],Ikuno_staminaSSR01.png,ikuno_dictus_stamina.png,SSR,Stamina,2026-05-18,"The higher the total bond of all your supports is the higher Training Effectiveness you'll gain",late_surger_savvy_o|calm_in_a_crowd|be_still|position_pilfer|late_surger_corners_o|studious|sharp_gaze,keep_going|full_throttle|trick_rear,keep_going,Stamina +6|Guts +2,stat.png
symboli_rudolf_stamina,Symboli Rudolf,[Enchaînement],Rudolf_staminaSSR01.png,symboli_rudolf_stamina.png,SSR,Stamina,2026-04-05,"Gain Initial Stat Up (10), where Stat is the type of the card, for every card in your support deck (Friend and Group types give (2) to every stat)",medium_straightaways|medium_corners|all_i_ve_got|tether|subdued_front_runners|subdued_pace_chasers|subdued_late_surgers|subdued_end_closers,soft_step|burning_soul|rainy_days,burning_soul,Stamina +6|Guts +2,stat.png
mejiro_bright_stamina,Mejiro Bright,[Little by Little],Bright_staminaSSR01.png,mejiro_bright_stamina.png,SSR,Stamina,2026-03-12,"Gain Stamina Bonus (2) when the bond gauge is at least 80 (Unlock at lv40)",right_handed|extra_tank|passing_pro|pressure|stamina_eater,early_start|overwhelming_pressure|deep_breaths,overwhelming_pressure,Stamina +6|Guts +2,stat.png
meisho_doto_stamina,Meisho Doto,[Leaping into the Unknown],Doto_staminaSSR01.png,meisho_doto_stamina.png,SSR,Stamina,2026-01-29,"Increases the effectiveness of training performed together (5%)|Increases the frequency at which hint events occur (20%) (Unlock at lv40)",long_shot|non_standard_distance|firm_conditions|inner_post_proficiency|shake_it_out|late_surger_straightaways|hawkeye,medium_corners|killer_tunes|pace_chaser_corners,killer_tunes,Stamina +6|Guts +2,stat.png
manhattan_cafe_stamina,Manhattan Cafe,[My Solo Spun in Spiraling Runs],Cafe_staminaSSR01.png,manhattan_cafe_stamina.png,SSR,Stamina,2026-01-15,Increases the effectiveness of Friendship Training (10%)|Increases Stamina gain when training together (1),wet_conditions|rainy_days|passing_pro|long_straightaways|highlander|stamina_eater,long_corners|stamina_siphon|non_standard_distance,stamina_siphon,Stamina +6|Guts +2,stat.png
narita_brian_stamina,Narita Brian,[The Whistling Arrow's Taunt],Brian_staminaSSR01.png,narita_brian_stamina.png,SSR,Stamina,2025-12-14,Increases the effectiveness of training performed together (5%)|Increases the frequency at which the character participates in their preferred training type (20),right_handed|preferred_position|hydrate|outer_swell|inside_scoop|medium_straightaways|medium_corners|long_straightaways,up_tempo|beeline_burst|lone_wolf,beeline_burst,Stamina +6|Guts +2,stat.png
nakayama_festa_stamina,Nakayama Festa,"[43, 8, 1]",Festa_staminaSSR01.png,nakayama_festa_stamina.png,SSR,Stamina,2025-12-08,Increases the effectiveness of Friendship Training (10%)|Increases Guts gain when training together (1),long_shot|wet_conditions|lucky_seven|outer_swell|steadfast|late_surger_straightaways|all_i_ve_got|slick_surge|sharp_gaze,uma_stan|come_what_may|all_i_ve_got|nakayama_racecourse|hanshin_racecourse,come_what_may,Stamina +6|Guts +2,stat.png
silence_suzuka_stamina,Silence Suzuka,[Winning Dream],Suzuka_staminaSSR01.png,silence_suzuka_stamina.png,SSR,Stamina,2025-11-03,,front_runner_savvy|rosy_outlook|fast_paced|front_runner_straightaways|front_runner_corners|leader_s_pride|early_lead|final_push|focus,hydrate|soft_step|concentration|left_handed,concentration,Stamina +6|Guts +2,stat.png
winning_ticket_stamina,Winning Ticket,[Full-Blown Tantrum],Ticket_staminaSSR01.png,winning_ticket_stamina.png,SSR,Stamina,2025-10-14,Amplifies the effect of mood when training together (15%)|Increases Stamina gain when training together (1),firm_conditions|cloudy_days|position_pilfer|outer_swell|slick_surge,triple_7s|1_500_000_cc|medium_straightaways|maverick|hard_worker|late_surger_corners,hard_worker,Stamina +6|Guts +2,stat.png
sakura_chiyono_o_stamina,Sakura Chiyono O,[Peak Sakura Season],Chiyono_staminaSSR01.png,sakura_chiyono_o_stamina.png,SSR,Stamina,2025-08-20,Increases the effectiveness of training performed together (5%)|Increases stat gain from races (5%),pace_chaser_savvy|steadfast|shifting_gears|medium_corners,stamina_to_spare|medium_straightaways|speed_star|spring_runner,speed_star,Stamina +6|Guts +2,stat.png
satono_diamond_stamina,Satono Diamond,[The Will to Overtake],Satono_staminaSSR01.png,satono_diamond_stamina.png,SSR,Stamina,2025-07-16,Amplifies the effect of mood when training together (15%)|Increases initial Friendship Gauge when beginning a Career playthrough (15),firm_conditions|sunny_days|a_small_breather|medium_corners|studious|tether|flustered_front_runners,all_i_ve_got|iron_will|hesitant_front_runners,iron_will,Stamina +6|Guts +2,stat.png
gold_ship_stamina,Gold Ship,[Breakaway Battleship],Ship_staminaSSR01.png,gold_ship_stamina.png,SSR,Stamina,2025-06-26,Increases the effectiveness of training performed together (5%)|Increases initial Friendship Gauge when beginning a Career playthrough (15),sympathy|end_closer_savvy|standing_by|after_school_stroll|inside_scoop|pressure|uma_stan|straightaway_spurt|highlander|groundwork|i_can_see_right_through_you|strategist|intense_gaze|smoke_screen,early_start|end_closer_savvy|corner_connoisseur|risky_business|hanshin_racecourse,corner_connoisseur,Stamina +6|Guts +2,stat.png
seiun_sky_stamina,Seiun Sky,[Foolproof Plan],Sky_staminaSSR01.png,seiun_sky_stamina.png,SSR,Stamina,2025-06-26,Amplifies the effect of mood when training together (15%)|Increases the frequency at which the character participates in their preferred training type (20),long_shot|inner_post_proficiency|tail_held_high|hesitant_pace_chasers|frenzied_late_surgers|trick_front,dodging_danger|second_wind|fast_paced|escape_artist|keeping_the_lead,escape_artist,Stamina +6|Guts +2,stat.png
tamamo_cross_stamina,Tamamo Cross,"[Split the Sky, White Lightning!]",Tamamo_staminaSSR01.png,tamamo_cross_stamina.png,SSR,Stamina,2025-06-26,Increases the effectiveness of training performed together (5%)|Increases initial Stamina when beginning a Career playthrough (20),rosy_outlook|soft_step|medium_corners|1_500_000_cc|thunderbolt_step|frenzied_late_surgers|flustered_late_surgers,tail_held_high|fast_furious|calm_in_a_crowd,fast_furious,Stamina +6|Guts +2,stat.png
super_creek_stamina,Super Creek,[Piece of Mind],Creek_staminaSSR01.png,super_creek_stamina.png,SSR,Stamina,2025-06-26,Increases the effectiveness of Friendship Training (10%)|Increases the frequency at which the character participates in their preferred training type (20),firm_conditions|ramp_up|homestretch_haste|hesitant_pace_chasers,swinging_maestro|deep_breaths,swinging_maestro,Stamina +6|Guts +2,stat.png
mejiro_mcqueen_stamina,Mejiro McQueen,[Your Team Ace],Mcqueen_staminaSSR01.png,mejiro_mcqueen_stamina.png,SSR,Stamina,2025-06-26,"Increases Stamina gain when training together (1)|Increases initial Stamina when beginning a Career playthrough (20) (Unlock at lv40)",kyoto_racecourse|wet_conditions|rainy_days|stamina_to_spare|deep_breaths|extra_tank|corner_adept|straightaway_adept|prepared_to_pass|inside_scoop,cooldown|deep_breaths|early_lead,cooldown,Stamina +6|Guts +2,stat.png
rice_shower_stamina,Rice Shower,[Showered in Joy],Rice_staminaSSR01.png,rice_shower_stamina.png,SSR,Stamina,2025-06-26,"Increases the effectiveness of Friendship Training (10%)|Increases the frequency at which hint events occur (20%) (Unlock at lv40)",maverick|kyoto_racecourse|deep_breaths|straight_descent|highlander|frenzied_pace_chasers|subdued_pace_chasers|flustered_pace_chasers|disorient,extra_tank|adrenaline_rush|firm_conditions,adrenaline_rush,Stamina +6|Guts +2,stat.png
tokai_teio_sr_stamina,Tokai Teio,[Step! Smile! Wink!],Teio_staminaSR01.png,tokai_teio_stamina_sr.png,SR,Stamina,2026-04-30,Increases initial Stamina when beginning a Career playthrough (20)|Increases initial Guts when beginning a Career playthrough (20),soft_step|nimble_navigator|shrewd_step|prudent_positioning|go_with_the_flow|thunderbolt_step,medium_corners|pace_chaser_straightaways,,Stamina +6|Guts +2,stat.png
mejiro_ryan_sr_stamina,Mejiro Ryan,[Hot Hearts and Cool Drinks],Ryan_staminaSR01.png,mejiro_ryan_sr_stamina.png,SR,Stamina,2026-03-12,Increases the effectiveness of Friendship Training (10%)|Increases Guts gain when training together (1),up_tempo|medium_straightaways|slick_surge,late_surger_straightaways|pace_strategy,,Stamina +6|Guts +2,stat.png
tosen_jordan_sr_stamina,Tosen Jordan,[Turf as Nails],Jordan_staminaSR01.png,tosen_jordan_sr_stamina.png,SR,Stamina,2025-10-30,Amplifies the effect of mood when training together (15%)|Increases stat gain from races (5%),long_shot|stamina_to_spare|position_pilfer|medium_straightaways|medium_corners|pace_chaser_straightaways,ramp_up|lucky_seven,,Stamina +6|Guts +2,stat.png
zenno_rob_roy_sr_stamina,Zenno Rob Roy,[The Perfect Book for You],RobRoy_staminaSR01.png,zenno_rob_roy_sr_stamina.png,SR,Stamina,2025-08-03,Increases the effectiveness of Friendship Training (10%)|Increases initial Stamina when beginning a Career playthrough (20),pace_chaser_savvy|late_surger_savvy|straightaway_adept|nimble_navigator|shrewd_step|prudent_positioning|go_with_the_flow|studious,sharp_gaze|medium_straightaways,,Stamina +6|Guts +2,stat.png
mayano_top_gun_sr_stamina,Mayano Top Gun,[Cute + Cute = ?],Mayano_staminaSR01.png,mayano_top_gun_sr_stamina.png,SR,Stamina,2025-06-26,Increases the effectiveness of Friendship Training (10%)|Increases the frequency at which the character participates in their preferred training type (20),non_standard_distance|straightaway_recovery|corner_adept|straightaway_adept|nimble_navigator|go_with_the_flow,focus|straightaway_adept,,Stamina +6|Guts +2,stat.png
manhattan_cafe_sr_stamina,Manhattan Cafe,[My Solo Drawn to Raindrop Drums],Cafe_staminaSR01.png,manhattan_cafe_sr_stamina.png,SR,Stamina,2025-06-26,Increases the effectiveness of training performed together (5%)|Increases the frequency at which the character participates in their preferred training type (20),wet_conditions|rainy_days|passing_pro|long_straightaways|highlander|stamina_eater,studious|non_standard_distance,,Stamina +6|Guts +2,stat.png
mejiro_bright_r_stamina,Mejiro Bright,[Tracen Academy],Bright_staminaR01.png,mejiro_bright_r_stamina.png,R,Stamina,2026-03-12,,right_handed|extra_tank|passing_pro|pressure|stamina_eater,deep_breaths,,Stamina +6|Guts +2,stat.png
nakayama_festa_r_stamina,Nakayama Festa,[Tracen Academy],Festa_staminaR01.png,nakayama_festa_r_stamina.png,R,Stamina,2025-12-08,,long_shot|wet_conditions|lucky_seven|outer_swell|steadfast|late_surger_straightaways|all_i_ve_got|slick_surge|sharp_gaze,nakayama_racecourse|hanshin_racecourse,,Stamina +6|Guts +2,stat.png
tosen_jordan_r_stamina,Tosen Jordan,[Tracen Academy],Jordan_staminaR01.png,tosen_jordan_r_stamina.png,R,Stamina,2025-10-30,,long_shot|stamina_to_spare|position_pilfer|medium_straightaways|medium_corners|pace_chaser_straightaways,lucky_seven,,Stamina +6|Guts +2,stat.png
sakura_chiyono_o_r_stamina,Sakura Chiyono O,[Tracen Academy],Chiyono_staminaR01.png,sakura_chiyono_o_r_stamina.png,R,Stamina,2025-08-20,,pace_chaser_savvy|steadfast|shifting_gears|medium_corners,spring_runner,,Stamina +6|Guts +2,stat.png
zenno_rob_roy_r_stamina,Zenno Rob Roy,[Tracen Academy],RobRoy_staminaR01.png,zenno_rob_roy_r_stamina.png,R,Stamina,2025-08-03,,pace_chaser_savvy|late_surger_savvy|straightaway_adept|nimble_navigator|shrewd_step|prudent_positioning|go_with_the_flow|studious,medium_straightaways,,Stamina +6|Guts +2,stat.png
satono_diamond_r_stamina,Satono Diamond,[Tracen Academy],Satono_staminaR01.png,satono_diamond_r_stamina.png,R,Stamina,2025-07-16,,firm_conditions|sunny_days|a_small_breather|medium_corners|studious|tether|flustered_front_runners,hesitant_front_runners,,Stamina +6|Guts +2,stat.png
gold_ship_r_stamina,Gold Ship,[Tracen Academy],Ship_staminaR01.png,gold_ship_r_stamina.png,R,Stamina,2025-06-26,,sympathy|end_closer_savvy|standing_by|after_school_stroll|inside_scoop|pressure|uma_stan|straightaway_spurt|highlander|groundwork|i_can_see_right_through_you|strategist|intense_gaze|smoke_screen,hanshin_racecourse,,Stamina +6|Guts +2,stat.png
mejiro_mcqueen_r_stamina,Mejiro McQueen,[Tracen Academy],Mcqueen_staminaR01.png,mejiro_mcqueen_r_stamina.png,R,Stamina,2025-06-26,,spring_runner|kyoto_racecourse|stamina_to_spare|deep_breaths|hydrate|long_corners|keeping_the_lead|disorient,early_lead,,Stamina +6|Guts +2,stat.png
tm_opera_o_r_stamina,TM Opera O,[Tracen Academy],Opera_staminaR01.png,tm_opera_o_r_stamina.png,R,Stamina,2025-06-26,,stamina_to_spare|up_tempo|long_corners|pace_chaser_straightaways|late_surger_straightaways|tactical_tweak|studious,non_standard_distance,,Stamina +6|Guts +2,stat.png
seiun_sky_r_stamina,Seiun Sky,[Tracen Academy],Seiun_staminaR01.png,seiun_sky_r_stamina.png,R,Stamina,2025-06-26,,long_shot|inner_post_proficiency|tail_held_high|hesitant_pace_chasers|frenzied_late_surgers|trick_front,keeping_the_lead,,Stamina +6|Guts +2,stat.png
rice_shower_r_stamina,Rice Shower,[Tracen Academy],Rice_staminaR01.png,rice_shower_r_stamina.png,R,Stamina,2025-06-26,,maverick|kyoto_racecourse|deep_breaths|straight_descent|highlander|frenzied_pace_chasers|subdued_pace_chasers|flustered_pace_chasers|disorient,firm_conditions,,Stamina +6|Guts +2,stat.png
super_creek_r_stamina,Super Creek,[Tracen Academy],Creek_staminaR01.png,super_creek_r_stamina.png,R,Stamina,2025-06-26,,firm_conditions|ramp_up|homestretch_haste|hesitant_pace_chasers,deep_breaths,,Stamina +6|Guts +2,stat.png
tamamo_cross_r_stamina,Tamamo Cross,[Tracen Academy],Tamamo_staminaR01.png,tamamo_cross_r_stamina.png,R,Stamina,2025-06-26,,rosy_outlook|soft_step|medium_corners|1_500_000_cc|thunderbolt_step|frenzied_late_surgers|flustered_late_surgers,calm_in_a_crowd,,Stamina +6|Guts +2,stat.png
mayano_top_gun_r_stamina,Mayano Top Gun,[Tracen Academy],Mayano_staminaR01.png,mayano_top_gun_r_stamina.png,R,Stamina,2025-06-26,,non_standard_distance|straightaway_recovery|corner_adept|straightaway_adept|nimble_navigator|go_with_the_flow,straightaway_adept,,Stamina +6|Guts +2,stat.png
manhattan_cafe_r_stamina,Manhattan Cafe,[Tracen Academy],Cafe_staminaR01.png,manhattan_cafe_r_stamina.png,R,Stamina,2025-06-26,,wet_conditions|rainy_days|passing_pro|long_straightaways|highlander|stamina_eater,non_standard_distance,,Stamina +6|Guts +2,stat.png

air_groove_power,Air Groove,[Tailwind to My Goals],Groove_powerSSR01.png,air_groove_power.png,SSR,Power,2026-06-18,Gain Power Bonus (1) and Skill Point Bonus (1) when the bond gauge is at least 80,be_still|late_surger_straightaways|fearless|hesitant_end_closers|flustered_end_closers|sharp_gaze,fearless|take_the_chance|updrafters|lie_in_wait|go_with_the_flow,lie_in_wait,Power +6|Stamina +2,stat.png
haru_urara_power,Haru Urara,[Sunny Passion ♪],Urara_powerSSR01.png,haru_urara_power.png,SSR,Power,2026-05-18,Increases skill point gain when training together (1),,hard_worker|long_shot_o,hard_worker,Stamina +2|Power +6|or|Stamina +4|Power +12|Skill Points +2,stat.png
kawakami_princess_power,Kawakami Princess,[Go Go☆Princess!],Kawakami_powerSSR01.png,kawakami_princess_power.png,SSR,Power,2026-04-26,Increases Power gain when training together (1)|Increases stat gain from races (5%) (Unlock at lv40),standard_distance|preferred_position|soft_step|tactical_tweak,unyielding,unyielding,Stamina +2|Power +6,stat.png
daiwa_scarlet_power,Daiwa Scarlet,[Number 1 Outfit],Daiwa_powerSSR01.png,daiwa_scarlet_power.png,SSR,Power,2026-04-12,Gain Power Bonus (2) when the bond gauge is at least 80,competitive_spirit|preferred_position|prepared_to_pass|pace_chaser_corners|straight_descent,feature_act|up_tempo|neck_and_neck|stamina_to_spare,neck_and_neck,Stamina +2|Power +6,stat.png
agnes_digital_power,Agnes Digital,[A Fan's Joy],Digital_powerSSR01.png,agnes_digital_power.png,SSR,Power,2026-02-25,"If there are at least 5 different types of support cards in your deck, gain Increased Training (15)",left_handed|mile_straightaways|late_surger_straightaways|uma_stan|all_i_ve_got|forward_march,hydrate|focus|lead_the_charge|uma_stan|rainy_days|wet_conditions,lead_the_charge,Stamina +2|Power +6,stat.png
admire_vega_power,Admire Vega,[Lucky Star in the Sky],Ayabe_powerSSR01.png,admire_vega_power.png,SSR,Power,2026-01-29,Increases the effectiveness of training performed together (5%)|Increases the frequency at which hint events occur (20%),levelheaded|masterful_gambit|end_closer_straightaways|strategist|tether,flustered_pace_chasers|daring_strike|subdued_pace_chasers,daring_strike,Stamina +2|Power +6,stat.png
marvelous_sunday_power,Marvelous Sunday,[Dazzling Day in the Snow],Sunday_powerSSR01.png,marvelous_sunday_power.png,SSR,Power,2026-01-05,Increases the effectiveness of Friendship Training (10%)|Increases stat gain from races (5%) (Unlock at lv.40),straightaway_adept|ramp_up|tail_held_high|hesitant_front_runners|hesitant_pace_chasers,cloudy_days|fast_furious|position_pilfer|hanshin_racecourse,fast_furious,Stamina +2|Power +6,stat.png
daitaku_helios_power,Daitaku Helios,[Make! Some! NOISE!],Helios_powerSSR01.png,daitaku_helios_power.png,SSR,Power,2025-12-28,Increases Power gain when training together (1)|Increases initial Friendship Gauge when beginning a Career playthrough (15),sympathy|stamina_to_spare|ramp_up|mile_corners|shifting_gears|slipstream|speed_eater,early_lead|pace_chaser_corners|escape_artist|fast_paced|long_shot,escape_artist,Stamina +2|Power +6,stat.png
tamamo_cross_power,Tamamo Cross,[Beware! Halloween Night!],Tamamo_powerSSR01.png,tamamo_cross_power.png,SSR,Power,2025-11-24,Increases the effectiveness of Friendship Training (10%)|Increases initial Friendship Gauge when beginning a Career playthrough (15),rosy_outlook|soft_step|medium_corners|1_500_000_cc|thunderbolt_step|frenzied_late_surgers|flustered_late_surgers,wet_conditions|15_000_000_cc|calm_in_a_crowd,15_000_000_cc,Stamina +2|Power +6,stat.png
rice_shower_power,Rice Shower,[Happiness Just around the Bend],Rice_powerSSR01.png,rice_shower_power.png,SSR,Power,2025-11-06,Increases Stamina gain when training together (1)|Increases the effectiveness of training performed together (5%),maverick|kyoto_racecourse|deep_breaths|straight_descent|highlander|frenzied_pace_chasers|subdued_pace_chasers|flustered_pace_chasers|disorient,passing_pro|swinging_maestro|firm_conditions,swinging_maestro,Stamina +2|Power +6,stat.png
daiwa_scarlet_power_2,Daiwa Scarlet,[Mini☆Vacation],Daiwa_powerSSR02.png,daiwa_scarlet_power_2.png,SSR,Power,2025-10-14,Increases the effectiveness of training performed together (5%)|Increases initial Power when beginning a Career playthrough (20) (Unlock at lv.40),competitive_spirit|preferred_position|rosy_outlook|prepared_to_pass|up_tempo|shifting_gears,race_planner|preferred_position|stamina_to_spare,race_planner,Stamina +2|Power +6,stat.png
king_halo_power,King Halo,"[Tonight, We Waltz]",Halo_powerSSR01.png,king_halo_power.png,SSR,Power,2025-09-21,Increases the effectiveness of Friendship Training (10%)|Increases the frequency at which the character participates in their preferred training type (20),outer_post_proficiency|firm_conditions|cloudy_days|wait_and_see|gap_closer,stop_right_there|uma_stan|gap_closer|blinding_flash|homestretch_haste,blinding_flash,Stamina +2|Power +6,stat.png
bamboo_memory_power,Bamboo Memory,[Head-on Fight!],Bamboo_powerSSR01.png,bamboo_memory_power.png,SSR,Power,2025-09-17,Increases Power gain when training together (1)|Increases initial Power when beginning a Career playthrough (20),target_in_sight|straightaway_adept|gap_closer|mile_straightaways|late_surger_straightaways,competitive_spirit|homestretch_haste|running_idle|hesitant_late_surgers|rising_dragon|outer_swell|standard_distance,rising_dragon,Stamina +2|Power +6,stat.png
yaeno_muteki_power,Yaeno Muteki,[Fiery Discipline],Muteki_powerSSR01.png,yaeno_muteki_power.png,SSR,Power,2025-08-03,Increases the effectiveness of training performed together (5%)|Increases the frequency at which the character participates in their preferred training type (20),ramp_up|homestretch_haste|prepared_to_pass|up_tempo|tail_held_high,subdued_late_surgers|hesitant_late_surgers|playtime_s_over|it_s_on|medium_corners,it_s_on,Stamina +2|Power +6,stat.png
winning_ticket_power,Winning Ticket,[Dreams Do Come True!],Ticket_powerSSR01.png,winning_ticket_power.png,SSR,Power,2025-08-03,Increases the effectiveness of Friendship Training (10%)|Increases initial Friendship Gauge when beginning a Career playthrough (15) (Obtain at lv.40),firm_conditions|cloudy_days|position_pilfer|outer_swell|slick_surge,in_body_and_mind|late_surger_corners,in_body_and_mind,Stamina +2|Power +6,stat.png
oguri_cap_power,Oguri Cap,[Get Lots of Hugs for Me],Oguri_powerSSR01.png,oguri_cap_power.png,SSR,Power,2025-06-26,Increases Power gain when training together (1)|Increases initial Power when beginning a Career playthrough (20),cloudy_days|hydrate|corner_adept|homestretch_haste|up_tempo|nimble_navigator|groundwork|focus,stamina_to_spare|outer_swell|furious_feat|nakayama_racecourse,furious_feat,Stamina +2|Power +6,stat.png
vodka_power,Vodka,[Wild Rider],Vodka_powerSSR01.png,vodka_power.png,SSR,Power,2025-06-26,Increases the effectiveness of Friendship Training (10%)|Increases the frequency at which the character participates in their preferred training type (20),tokyo_racecourse|straightaway_recovery|straightaway_adept|homestretch_haste|mile_straightaways|medium_straightaways|slick_surge|updrafters,updrafters|breath_of_fresh_air|nimble_navigator,breath_of_fresh_air,Stamina +2|Power +6,stat.png
el_condor_pasa_power,El Condor Pasa,[Champion's Passion],Pasa_powerSSR01.png,el_condor_pasa_power.png,SSR,Power,2025-06-26,Increases the effectiveness of Friendship Training (10%)|Increases the frequency at which the character participates in their preferred training type (20),standard_distance|sunny_days|prepared_to_pass|up_tempo|medium_straightaways|pace_chaser_straightaways|hawkeye,stamina_to_spare|killer_tunes|sunny_days,killer_tunes,Stamina +2|Power +6,stat.png
smart_falcon_power,Smart Falcon,[My Umadol Way! ☆],Falcon_powerSSR01.png,smart_falcon_power.png,SSR,Power,2025-06-26,Increases Power gain when training together (1)|Increases initial Power when beginning a Career playthrough (20),outer_post_proficiency|oi_racecourse|wet_conditions|cloudy_days|front_runner_savvy|second_wind|restart,groundwork|focus|top_pick|prudent_positioning|center_stage|final_push,center_stage,Stamina +2|Power +6,stat.png
sakura_bakushin_o_sr_power,Sakura Bakushin O,[The Perfect Morning Greeting!],Bakushin_powerSR01.png,sakura_bakushin_o_sr_power.png,SR,Power,2026-03-12,Increases the effectiveness of Friendship Training (10%)|Increases the frequency at which the character participates in their preferred training type (20),sprint_straightaways|sprint_corners|huge_lead|sprinting_gear|countermeasure|intimidate|frenzied_front_runners|flustered_front_runners,tail_held_high|gap_closer,,Stamina +2|Power +6,stat.png
special_week_sr_power,Special Week,[At the End of the Day],Week_powerSR01.png,special_week_sr_power.png,SR,Power,2026-03-12,Increases the effectiveness of training performed together (5%)|Increases initial Power when beginning a Career playthrough (20) (Unlock at lv.35),wet_conditions|stamina_to_spare|hydrate|homestretch_haste|steadfast|pace_chaser_straightaways|tactical_tweak,head_on|extra_tank,,Stamina +2|Power +6,stat.png
inari_one_sr_power,Inari One,[Laughing through the Mud],Inari_powerSR01.png,inari_one_sr_power.png,SR,Power,2026-01-15,Increases the effectiveness of Friendship Training (10%)|Increases Stamina gain when training together (1),spring_runner|winter_runner|target_in_sight|familiar_ground|ramp_up|tail_held_high|forward_march|sharp_gaze,oi_racecourse|kyoto_racecourse,,Stamina +2|Power +6,stat.png
fine_motion_sr_power,Fine Motion,"[Grma, Ramen ♪]",Fine_powerSR01.png,fine_motion_sr_power.png,SR,Power,2025-11-19,Increases Power gain when training together (1)|Increases initial Friendship Gauge when beginning a Career playthrough (15),right_handed|fall_runner|outer_post_proficiency|nimble_navigator,steadfast|corner_adept,,Stamina +2|Power +6,stat.png
nishino_flower_sr_power,Nishino Flower,[Lifting Your Spirits],Nishino_powerSR01.png,nishino_flower_sr_power.png,SR,Power,2025-07-27,Amplifies the effect of mood when training together (15%)|Increases stat gain from races (5%),hanshin_racecourse|standard_distance|firm_conditions|pace_chaser_corners|updrafters,straightaway_adept,,Stamina +2|Power +6,stat.png
daitaku_helios_sr_power,Daitaku Helios,[Let's Get This Party Lit!],Helios_powerSR01.png,daitaku_helios_sr_power.png,SR,Power,2025-07-02,Amplifies the effect of mood when training together (15%)|Increases the frequency at which the character participates in their preferred training type (20),sympathy|stamina_to_spare|ramp_up|mile_corners|shifting_gears|slipstream|speed_eater,straight_descent|watchful_eye|long_shot,,Stamina +2|Power +6,stat.png
hishi_amazon_sr_power,Hishi Amazon,[Reach the Top!],Amazon_powerSR01.png,hishi_amazon_sr_power.png,SR,Power,2025-06-26,Increases the effectiveness of Friendship Training (10%)|Increases stat gain from races (5%),pace_chaser_savvy|end_closer_savvy|stamina_to_spare|end_closer_straightaways|straightaway_spurt,masterful_gambit|hesitant_end_closers,,Stamina +2|Power +6,stat.png
agnes_digital_sr_power,Agnes Digital,[Digital's Recharge Station],Digital_powerSR01.png,agnes_digital_sr_power.png,SR,Power,2025-06-26,Increases the effectiveness of Friendship Training (10%)|Increases initial Power when beginning a Career playthrough (20),lay_low|calm_in_a_crowd|mile_straightaways|medium_straightaways|late_surger_straightaways|opening_gambit,frenzied_end_closers|rainy_days|wet_conditions,,Stamina +2|Power +6,stat.png
biwa_hayahide_sr_power,Biwa Hayahide,[Trial Initiation],Biwa_powerSR01.png,biwa_hayahide_sr_power.png,SR,Power,2025-06-26,Increases the effectiveness of training performed together (5%)|Increases the frequency at which hint events occur (20%),outer_post_proficiency|hanshin_racecourse|wet_conditions|cloudy_days|frenzied_end_closers,pressure|inside_scoop,,Stamina +2|Power +6,stat.png
mihono_bourbon_sr_power,Mihono Bourbon,[Pal-Assisted Training],Bourbon_powerSR01.png,mihono_bourbon_sr_power.png,SR,Power,2025-06-26,Increases the effectiveness of Friendship Training (10%)|Increases the frequency at which hint events occur (20%),snowy_days|front_runner_straightaways|front_runner_corners|early_lead,front_runner_straightaways|focus,,Stamina +2|Power +6,stat.png
mejiro_ryan_sr_power,Mejiro Ryan,[On and Off the Court],Ryan_powerSR01.png,mejiro_ryan_sr_power.png,SR,Power,2025-06-26,Amplifies the effect of mood when training together (15%)|Increases stat gain from races (5%),wet_conditions|rainy_days|up_tempo|medium_straightaways,nimble_navigator|pace_strategy,,Stamina +2|Power +6,stat.png
admire_vega_r_power,Admire Vega,[Tracen Academy],Ayabe_powerR01.png,admire_vega_r_power.png,R,Power,2026-01-29,,levelheaded|masterful_gambit|end_closer_straightaways|strategist|tether,subdued_pace_chasers,,Stamina +2|Power +6,stat.png
inari_one_r_power,Inari One,[Tracen Academy],Inari_powerR01.png,inari_one_r_power.png,R,Power,2026-01-15,,spring_runner|winter_runner|target_in_sight|familiar_ground|ramp_up|tail_held_high|forward_march|sharp_gaze,kyoto_racecourse_o,kyoto_racecourse_o,Stamina +2|Power +6,stat.png
bamboo_memory_r_power,Bamboo Memory,[Tracen Academy],Bamboo_powerR01.png,bamboo_memory_r_power.png,R,Power,2025-09-17,,target_in_sight|straightaway_adept|gap_closer|mile_straightaways|late_surger_straightaways,standard_distance,,Stamina +2|Power +6,stat.png
yaeno_muteki_r_power,Yaeno Muteki,[Tracen Academy],Muteki_powerR01.png,yaeno_muteki_r_power.png,R,Power,2025-08-03,,ramp_up|homestretch_haste|prepared_to_pass|up_tempo|tail_held_high,medium_corners,,Stamina +2|Power +6,stat.png
daitaku_helios_r_power,Daitaku Helios,[Tracen Academy],Helios_powerR01.png,daitaku_helios_r_power.png,R,Power,2025-07-02,,sympathy|stamina_to_spare|ramp_up|mile_corners|shifting_gears|slipstream|speed_eater,long_shot,,Stamina +2|Power +6,stat.png
oguri_cap_r_power,Oguri Cap,[Tracen Academy],Oguri_powerR01.png,oguri_cap_r_power.png,R,Power,2025-06-26,,cloudy_days|hydrate|corner_adept|homestretch_haste|up_tempo|nimble_navigator|groundwork|focus,nakayama_racecourse,,Stamina +2|Power +6,stat.png
vodka_r_power,Vodka,[Tracen Academy],Vodka_powerR01.png,vodka_r_power.png,R,Power,2025-06-26,,tokyo_racecourse|straightaway_recovery|straightaway_adept|homestretch_haste|mile_straightaways|medium_straightaways|slick_surge|updrafters,nimble_navigator,,Stamina +2|Power +6,stat.png
el_condor_pasa_r_power,El Condor Pasa,[Tracen Academy],Pasa_powerR01.png,el_condor_pasa_r_power.png,R,Power,2025-06-26,,standard_distance|sunny_days|prepared_to_pass|up_tempo|medium_straightaways|pace_chaser_straightaways|hawkeye,sunny_days,,Stamina +2|Power +6,stat.png
hishi_amazon_r_power,Hishi Amazon,[Tracen Academy],Amazon_powerR01.png,hishi_amazon_r_power.png,R,Power,2025-06-26,,pace_chaser_savvy|end_closer_savvy|stamina_to_spare|end_closer_straightaways|straightaway_spurt,hesitant_end_closers,,Stamina +2|Power +6,stat.png
agnes_digital_r_power,Agnes Digital,[Tracen Academy],Digital_powerR01.png,agnes_digital_r_power.png,R,Power,2025-06-26,,lay_low|calm_in_a_crowd|mile_straightaways|medium_straightaways|late_surger_straightaways|opening_gambit,rainy_days|wet_conditions,,Stamina +2|Power +6,stat.png
biwa_hayahide_r_power,Biwa Hayahide,[Tracen Academy],Biwa_powerR01.png,biwa_hayahide_r_power.png,R,Power,2025-06-26,,outer_post_proficiency|hanshin_racecourse|wet_conditions|cloudy_days|frenzied_end_closers,inside_scoop,,Stamina +2|Power +6,stat.png
mihono_bourbon_r_power,Mihono Bourbon,[Tracen Academy],Bourbon_powerR01.png,mihono_bourbon_r_power.png,R,Power,2025-06-26,,snowy_days|front_runner_straightaways|front_runner_corners|early_lead,focus,,Stamina +2|Power +6,stat.png
mejiro_ryan_r_power,Mejiro Ryan,[Tracen Academy],Ryan_powerR01.png,mejiro_ryan_r_power.png,R,Power,2025-06-26,,wet_conditions|rainy_days|up_tempo|medium_straightaways,pace_strategy,,Stamina +2|Power +6,stat.png
smart_falcon_r_power,Smart Falcon,[Tracen Academy],Falcon_powerR01.png,smart_falcon_r_power.png,R,Power,2025-06-26,,outer_post_proficiency|oi_racecourse|wet_conditions|cloudy_days|front_runner_savvy|second_wind|restart,final_push,,Stamina +2|Power +6,stat.png

ikuno_dictus_guts,Ikuno Dictus,"[Warm Heart, Soft Steps]",Ikuno_gutsSSR01.png,ikuno_dictus_guts.png,SSR,Guts,2025-11-19,Increases the effectiveness of training performed together (5%)|Increases stat gain from races (5%),lay_low|calm_in_a_crowd|hawkeye|studious|sharp_gaze,go_with_the_flow|the_bigger_picture|trick_rear,the_bigger_picture,Speed +1|Power +1|Guts +6,stat.png
sakura_chiyono_o_guts,Sakura Chiyono O,[A Good Heart Blossoms to Its Fullest],Chiyono_gutsSSR01.png,sakura_chiyono_o_guts.png,SSR,Guts,2026-07-02,Gain Training Effectiveness (10) when the bond gauge is at least 80 (Unlock at lv.40),summer_runner|pace_chaser_savvy|mile_straightaways|shifting_gears|pace_chaser_straightaways|pace_chaser_corners|head_on,step_on_the_gas|spring_runner,step_on_the_gas,Speed +1|Power +1|Guts +6,stat.png
special_week_guts,Special Week,[Take Hold of Our Dreams!],Week_gutsSSR01.png,special_week_guts_01.png,SSR,Guts,2026-03-22,Increases Power gain when training together (1)|Increases initial Friendship Gauge when beginning a Career playthrough (15) (unlock at lv.40),right_handed|winter_runner|nakayama_racecourse|non_standard_distance|long_straightaways|pressure,feature_act|straightaway_recovery|overwhelming_pressure|extra_tank,overwhelming_pressure,Guts +6|Speed +1|Power +1,stat.png
el_condor_pasa_guts,El Condor Pasa,[Twinkle in Your Eyes ∞],Pasa_gutsSSR01.png,el_condor_pasa_guts.png,SSR,Guts,2026-06-11,Gain Training Effectiveness (5) for every support card in the same training facility,standard_distance|pace_chaser_savvy|preferred_position|prepared_to_pass|pace_chaser_straightaways|head_on|hawkeye,speed_star|sunny_days,speed_star,Speed +1|Power +1|Guts +6,stat.png
bamboo_memory_guts,Bamboo Memory,[Make These Feelings Reach You!],Bamboo_gutsSSR01.png,bamboo_memory_guts.png,SSR,Guts,2026-04-26,"The less energy you have, the more Friendship Bonus you'll gain",target_in_sight|homestretch_haste|outer_swell|gap_closer|mile_straightaways|updrafters,position_pilfer|full_of_vigor|pumped|standard_distance,full_of_vigor,Speed +1|Power +1|Guts +6,stat.png
marvelous_sunday_guts,Marvelous Sunday,[A MORE MARVELOUS WORLD! ☆],Sunday_gutsSSR01.png,marvelous_sunday_guts.png,SSR,Guts,2026-03-22,Gain Mood Effect (60) when the bond gauge is full,straightaway_adept|ramp_up|tail_held_high|hesitant_front_runners|hesitant_pace_chasers,adrenaline_rush|hanshin_racecourse,adrenaline_rush,Guts +6|Speed +1|Power +1,stat.png
sakura_bakushin_o_guts,Sakura Bakushin O,[Super! Sonic! Flower Power!],Bakushin_gutsSSR01.png,sakura_bakushin_o_guts.png,SSR,Guts,2026-02-18,"When the bond gauge is 80 or higher and this card is in a facility different from its type, gain Increased Training (20)",sprint_straightaways|sprint_corners|huge_lead|sprinting_gear|countermeasure|intimidate|frenzied_front_runners|flustered_front_runners,groundwork|in_high_spirits|light_as_a_feather|gap_closer,in_high_spirits,Speed +1|Power +1|Guts +6,stat.png
yukino_bijin_guts,Yukino Bijin,[Dancing Light into the Night],Bijin_gutsSSR01.png,yukino_bijin_guts.png,SSR,Guts,2025-12-14,Increases the effectiveness of Friendship Training (10%)|Increases initial Friendship Gauge when beginning a Career playthrough (15) (Unlock at lv.40),winter_runner|nakayama_racecourse|steadfast|medium_corners,snowy_days|playtime_s_over|corner_connoisseur,corner_connoisseur,Speed +1|Power +1|Guts +6,stat.png
mejiro_ryan_guts,Mejiro Ryan,[Winning Pitch],Ryan_gutsSSR01.png,mejiro_ryan_guts.png,SSR,Guts,2025-10-02,Increases Power gain when training together (1)|Increases skill point gain when training together (1),wet_conditions|rainy_days|up_tempo|medium_straightaways,pace_chaser_savvy|unyielding|pace_strategy,unyielding,Speed +1|Power +1|Guts +6,stat.png
hishi_akebono_guts,Hishi Akebono,[Who Wants the First Bite?],Akebono_gutsSSR01.png,hishi_akebono_guts.png,SSR,Guts,2025-08-28,Amplifies the effect of mood when training together (15%)|Increases the frequency at which the character participates in their preferred training type (20),sunny_days|hydrate|sprint_corners|final_push|countermeasure|meticulous_measures,sunny_days|hydrate|gap_closer|sixth_sense|dodging_danger|sprinting_gear,sixth_sense,Speed +1|Power +1|Guts +6,stat.png
matikanetannhauser_guts,Matikanetannhauser,[Just Keep Going],Matikanetannhauser_gutsSSR01.png,matikanetannhauser_guts.png,SSR,Guts,2025-07-16,Increases the effectiveness of Friendship Training (10%)|Increases initial Guts when beginning a Career playthrough (20) (Unlock at lv.40),lay_low|pace_strategy|deep_breaths|steadfast|fighter,unruffled|calm_in_a_crowd|subdued_front_runners,unruffled,Speed +1|Power +1|Guts +6,stat.png
mejiro_palmer_guts,Mejiro Palmer,[Go Ahead and Laugh],Palmer_gutsSSR01.png,mejiro_palmer_guts.png,SSR,Guts,2025-07-10,Increases the effectiveness of training performed together (5%)|Increases initial Guts when beginning a Career playthrough (20),sympathy|nakayama_racecourse|hanshin_racecourse|moxie|fast_paced|early_lead|flustered_pace_chasers,front_runner_straightaways|pace_strategy|front_runner_savvy|keeping_the_lead|vanguard_spirit|lone_wolf|wet_conditions,vanguard_spirit,Speed +1|Power +1|Guts +6,stat.png
special_week_guts_02,Special Week,[The Brightest Star in Japan!],Week_gutsSSR02.png,special_week_guts_02.png,SSR,Guts,2025-06-26,Increases Guts gain when training together (1)|Increases initial Guts when beginning a Career playthrough (20),wet_conditions|rainy_days|late_surger_savvy|hydrate|homestretch_haste|outer_swell|steadfast,soft_step|straight_descent|homestretch_haste|in_body_and_mind|extra_tank,in_body_and_mind,Speed +1|Power +1|Guts +6,stat.png
grass_wonder_guts,Grass Wonder,[Fairest Fleur],Grass_gutsSSR01.png,grass_wonder_guts.png,SSR,Guts,2025-06-26,Amplifies the effect of mood when training together (15%)|Increases initial Friendship Gauge when beginning a Career playthrough (15),nakayama_racecourse|competitive_spirit|homestretch_haste|position_pilfer|slick_surge|updrafters|tether|flustered_pace_chasers,tether|late_surger_savvy|furious_feat|frenzied_pace_chasers|target_in_sight,furious_feat,Speed +1|Power +1|Guts +6,stat.png
ines_fujin_guts,Ines Fujin,[Watch My Star Fly!],Fujin_gutsSSR01.png,ines_fujin_guts.png,SSR,Guts,2025-06-26,Increases the effectiveness of training performed together (5%)|Increases initial Guts when beginning a Career playthrough (20),moxie|steadfast|slipstream|playtime_s_over|speed_eater,restless|moxie|fast_paced,restless,Speed +1|Power +1|Guts +6,stat.png
winning_ticket_guts,Winning Ticket,[BNWinner!],Ticket_gutsSSR01.png,winning_ticket_guts.png,SSR,Guts,2025-06-26,Increases the effectiveness of Friendship Training (10%)|Increases the frequency at which hint events occur (20%),firm_conditions|cloudy_days|position_pilfer|outer_swell|slick_surge,fighter|on_your_left|late_surger_corners,on_your_left,Speed +1|Power +1|Guts +6,stat.png
haru_urara_guts,Haru Urara,[Urara's Day Off!],Urara_gutsSSR01.png,haru_urara_guts.png,SSR,Guts,2025-06-26,Increases the effectiveness of Friendship Training (10%)|Increases stat gain from races (5%) (Unlock at lv.40),,unruffled|long_shot,unruffled,Speed +1|Power +1|Guts +6,stat.png
oguri_cap_sr_guts,Oguri Cap,[I Love You... Dear Food],Oguri_gutsSR01.png,oguri_cap_sr_guts.png,SR,Guts,2026-06-04,Increases Power gain when training together (1)|Increases stat gain from races (5%),homestretch_haste|unyielding_spirit|pumped|fearless|nimble_navigator|groundwork,wet_conditions|nakayama_racecourse,,Speed +1|Power +1|Guts +6,stat.png
smart_falcon_sr_guts,Smart Falcon,[Almost... an Umadol?! ♡],Falcon_gutsSR01.png,smart_falcon_sr_guts.png,SR,Guts,2026-04-06,Increases the effectiveness of training performed together (5%)|Increases initial Power when beginning a Career playthrough (20) (Unlock at lv.35),oi_racecourse|wet_conditions|cloudy_days|front_runner_savvy|front_runner_straightaways|top_pick|forward_march,leader_s_pride|top_pick|final_push,,Speed +1|Power +1|Guts +6,stat.png
admire_vega_sr_guts,Admire Vega,[Aim for the Brightest],Ayabe_gutsSR01.png,admire_vega_sr_guts.png,SR,Guts,2026-03-12,Increases Speed gain when training together (1)|Increases stat gain from races (5%),levelheaded|masterful_gambit|end_closer_straightaways|strategist|tether,end_closer_savvy|subdued_pace_chasers,,Speed +1|Power +1|Guts +6,stat.png
tamamo_cross_sr_guts,Tamamo Cross,[Now Dat's What I Call Grilled Squid!],Tamamo_gutsSR01.png,tamamo_cross_sr_guts.png,SR,Guts,2026-02-05,Increases skill point gain when training together (1)|Increases initial Guts when beginning a Career playthrough (20),rosy_outlook|soft_step|medium_corners|1_500_000_cc|thunderbolt_step|frenzied_late_surgers|flustered_late_surgers,pace_chaser_corners|late_surger_corners|calm_in_a_crowd,,Guts +6|Speed +1|Power +1,stat.png
sirius_symboli_sr_guts,Sirius Symboli,[The Brightest Star Shines On],Sirius_gutsSR01.png,sirius_symboli_sr_guts.png,SR,Guts,2025-12-08,Increases the effectiveness of training performed together (5%)|Increases initial Speed when beginning a Career playthrough (20),lone_wolf|wet_conditions|prepared_to_pass|medium_corners,shrewd_step|disorient,,Speed +1|Power +1|Guts +6,stat.png
seeking_the_pearl_sr_guts,Seeking the Pearl,[The World's My Oyster],Pearl_gutsSR01.png,seeking_the_pearl_sr_guts.png,SR,Guts,2025-08-20,Increases the effectiveness of Friendship Training (10%)|Increases initial Friendship Gauge when beginning a Career playthrough (15),firm_conditions|pace_strategy|watchful_eye|sprint_straightaways|unyielding_spirit|sprinting_gear,lucky_seven|shifting_gears|uma_stan,,Speed +1|Power +1|Guts +6,stat.png
air_groove_sr_guts,Air Groove,[Nothing Escapes the Vice Prez],Groove_gutsSR01.png,air_groove_sr_guts.png,SR,Guts,2025-06-26,Amplifies the effect of mood when training together (15%)|Increases stat gain from races (5%),pace_strategy|up_tempo|medium_straightaways|groundwork|hesitant_end_closers|flustered_end_closers,go_with_the_flow,,Speed +1|Power +1|Guts +6,stat.png
yukino_bijin_sr_guts,Yukino Bijin,[City Girl 101],Bijin_gutsSR01.png,yukino_bijin_sr_guts.png,SR,Guts,2025-06-26,Increases Guts gain when training together (1)|Increases initial Guts when beginning a Career playthrough (20),winter_runner|nakayama_racecourse|steadfast|medium_corners,corner_acceleration,,Speed +1|Power +1|Guts +6,stat.png
meisho_doto_sr_guts,Meisho Doto,[Fighting for Fortune],Doto_gutsSR01.png,meisho_doto_sr_guts.png,SR,Guts,2025-06-26,Increases the effectiveness of training performed together (5%)|Increases the frequency at which hint events occur (20%),long_shot|non_standard_distance|firm_conditions|inner_post_proficiency|shake_it_out|late_surger_straightaways|hawkeye,prepared_to_pass|pace_chaser_corners,,Speed +1|Power +1|Guts +6,stat.png
nice_nature_sr_guts,Nice Nature,[It's Just Water],Nature_gutsSR01.png,nice_nature_sr_guts.png,SR,Guts,2025-06-26,Amplifies the effect of mood when training together (15%)|Increases initial Guts when beginning a Career playthrough (20),kokura_racecourse|lay_low|a_small_breather|go_with_the_flow|hesitant_late_surgers|murmur|sharp_gaze,extra_tank|ramp_up,,Speed +1|Power +1|Guts +6,stat.png
tsurumaru_tsuyoshi_r_guts,Tsurumaru Tsuyoshi,[Tracen Academy],Tsuyoshi_gutsR01.png,tsurumaru_tsuyoshi_r_guts.png,R,Guts,2026-06-25,,long_shot|up_tempo|risky_business|fighting_spirit|full_throttle,fighter,,Speed +1|Power +1|Guts +6,stat.png
sirius_symboli_r_guts,Sirius Symboli,[Tracen Academy],Sirius_gutsR01.png,sirius_symboli_r_guts.png,R,Guts,2025-12-08,,lone_wolf|wet_conditions|prepared_to_pass|medium_corners,disorient,,Speed +1|Power +1|Guts +6,stat.png
hishi_akebono_r_guts,Hishi Akebono,[Tracen Academy],Akebono_gutsR01.png,hishi_akebono_r_guts.png,R,Guts,2025-08-28,,sunny_days|hydrate|sprint_corners|final_push|countermeasure|meticulous_measures,sprinting_gear,,Speed +1|Power +1|Guts +6,stat.png
seeking_the_pearl_r_guts,Seeking the Pearl,[Tracen Academy],Pearl_gutsR01.png,seeking_the_pearl_r_guts.png,R,Guts,2025-08-20,,firm_conditions|pace_strategy|watchful_eye|sprint_straightaways|unyielding_spirit|sprinting_gear,uma_stan,,Speed +1|Power +1|Guts +6,stat.png
matikanetannhauser_r_guts,Matikanetannhauser,[Tracen Academy],Matikanetannhauser_gutsR01.png,matikanetannhauser_r_guts.png,R,Guts,2025-07-16,,lay_low|pace_strategy|deep_breaths|steadfast|fighter,subdued_front_runners,,Speed +1|Power +1|Guts +6,stat.png
mejiro_palmer_r_guts,Mejiro Palmer,[Tracen Academy],Palmer_gutsR01.png,mejiro_palmer_r_guts.png,R,Guts,2025-07-10,,sympathy|nakayama_racecourse|hanshin_racecourse|moxie|fast_paced|early_lead|flustered_pace_chasers,wet_conditions,,Speed +1|Power +1|Guts +6,stat.png
special_week_r_guts,Special Week,[Tracen Academy],Week_gutsR01.png,special_week_r_guts.png,R,Guts,2025-06-26,,wet_conditions|rainy_days|late_surger_savvy|hydrate|homestretch_haste|outer_swell|steadfast,extra_tank,,Speed +1|Power +1|Guts +6,stat.png
grass_wonder_r_guts,Grass Wonder,[Tracen Academy],Grass_gutsR01.png,grass_wonder_r_guts.png,R,Guts,2025-06-26,,nakayama_racecourse|competitive_spirit|homestretch_haste|position_pilfer|slick_surge|updrafters|tether|flustered_pace_chasers,frenzied_pace_chasers|target_in_sight,,Speed +1|Power +1|Guts +6,stat.png
winning_ticket_r_guts,Winning Ticket,[Tracen Academy],Ticket_gutsR01.png,winning_ticket_r_guts.png,R,Guts,2025-06-26,,firm_conditions|cloudy_days|position_pilfer|outer_swell|slick_surge,late_surger_corners,,Speed +1|Power +1|Guts +6,stat.png
haru_urara_r_guts,Haru Urara,[Tracen Academy],Urara_gutsR01.png,haru_urara_r_guts.png,R,Guts,2025-06-26,,,long_shot,,Speed +1|Power +1|Guts +6,stat.png
air_groove_r_guts,Air Groove,[Tracen Academy],Groove_gutsR01.png,air_groove_r_guts.png,R,Guts,2025-06-26,,pace_strategy|up_tempo|medium_straightaways|groundwork|hesitant_end_closers|flustered_end_closers,go_with_the_flow,,Speed +1|Power +1|Guts +6,stat.png
yukino_bijin_r_guts,Yukino Bijin,[Tracen Academy],Bijin_gutsR01.png,yukino_bijin_r_guts.png,R,Guts,2025-06-26,,winter_runner|nakayama_racecourse|steadfast|medium_corners,corner_acceleration,,Speed +1|Power +1|Guts +6,stat.png
ines_fujin_r_guts,Ines Fujin,[Tracen Academy],Fujin_gutsR01.png,ines_fujin_r_guts.png,R,Guts,2025-06-26,,moxie|steadfast|slipstream|playtime_s_over|speed_eater,fast_paced,,Speed +1|Power +1|Guts +6,stat.png
meisho_doto_r_guts,Meisho Doto,[Tracen Academy],Doto_gutsR01.png,meisho_doto_r_guts.png,R,Guts,2025-06-26,,long_shot|non_standard_distance|firm_conditions|inner_post_proficiency|shake_it_out|late_surger_straightaways|hawkeye,pace_chaser_corners,,Speed +1|Power +1|Guts +6,stat.png
nice_nature_r_guts,Nice Nature,[Tracen Academy],Nature_gutsR01.png,nice_nature_r_guts.png,R,Guts,2025-06-26,,kokura_racecourse|lay_low|a_small_breather|go_with_the_flow|hesitant_late_surgers|murmur|sharp_gaze,ramp_up,,Speed +1|Power +1|Guts +6,stat.png

yukino_bijin_wit,Yukino Bijin,[Hometown Cheers],Bijin_witSSR01.png,yukino_bijin_wit.png,SSR,Wit,2025-07-27,Increases the effectiveness of training performed together (5%)|Increases stat gain from races (5%),winter_runner|nakayama_racecourse|steadfast|medium_corners,inner_post_proficiency|hydrate|no_stopping_me|corner_acceleration,no_stopping_me,Wit +6|Skill Points +5,stat.png
nakayama_festa_wit,Nakayama Festa,[Trusting the Dice],Festa_witSSR01.png,nakayama_festa_wit.png,SSR,Wit,2026-07-02,20% chance to make the current training fail rate zero,summer_runner|long_shot|wet_conditions|lucky_seven|triple_7s|steadfast|late_surger_straightaways|uma_stan|all_i_ve_got|risky_business|nimble_navigator|slick_surge,nothing_ventured|risky_business|nakayama_racecourse|hanshin_racecourse,nothing_ventured,Wit +6|Skill Points +5,stat.png
matikanetannhauser_wit,Matikanetannhauser,[Machitan☆Adventure],Matikanetannhauser_witSSR01.png,matikanetannhauser_wit.png,SSR,Wit,2026-06-11,Gain Wit Friendship Recovery (5) when the bond gauge is full,corner_recovery|lay_low|pace_strategy|shake_it_out|homestretch_haste|nimble_navigator,ramp_up|flustered_late_surgers|it_s_on|subdued_front_runners,it_s_on,Wit +6|Skill Points +5,stat.png
rice_shower_wit,Rice Shower,[Day I Dreamed Of],Rice_witSSR01.png,rice_shower_wit.png,SSR,Wit,2026-05-18,Gain Training Effectiveness (10) when the bond gauge is at least 80 (Unlock at lv.40),pace_chaser_savvy|deep_breaths|pace_chaser_corners|feature_act|straight_descent|disorient,kyoto_racecourse|shatterproof|firm_conditions,shatterproof,Wit +6|Skill Points +5,stat.png
mr_cb_wit,Mr. C.B.,[Dear Mr. C.B.],MR_CB_witSSR01.png,mr_cb_wit.png,SSR,Wit,2026-04-30,Gain Wit Bonus (1) and Skill Point Bonus (1) when the bond gauge is at least 80,rainy_days|homestretch_haste|medium_corners|tail_held_high|corner_acceleration|straightaway_spurt|strategist,corner_recovery|intense_gaze|daring_strike|early_start,daring_strike,Wit +6|Skill Points +5,stat.png
sirius_symboli_wit,Sirius Symboli,[Escorte Étoile],Sirius_witSSR01.png,sirius_symboli_wit.png,SSR,Wit,2026-04-05,"Gain Friendship Bonus (3) every time you do friendship training with this card, up to 5 times for a total of (15)",lone_wolf|wet_conditions|be_still|medium_corners|late_surger_straightaways,playtime_s_over|late_surger_savvy|take_the_chance|from_the_brink|disorient,from_the_brink,Wit +6|Skill Points +5,stat.png
satono_diamond_wit,Satono Diamond,[Special Dreamers!],Satono_witSSR01.png,satono_diamond_wit.png,SSR,Wit,2026-03-12,If there are at least 4 different types of support cards in your deck, gain Increased Training (10) (Unlock at lv.40),late_surger_savvy|be_still|position_pilfer|pressure|late_surger_straightaways|late_surger_corners,sympathy|be_still|lie_in_wait|hesitant_front_runners,lie_in_wait,Wit +6|Skill Points +5,stat.png
nishino_flower_wit,Nishino Flower,"[Little Cupcakes, Big Emotions]",Nishino_witSSR01.png,nishino_flower_wit.png,SSR,Wit,2026-02-18,Gain Wit Bonus (3) when the bond gauge is full,hanshin_racecourse|standard_distance|firm_conditions|pace_chaser_corners|updrafters,shifting_gears|determined_descent,determined_descent,Wit +6|Skill Points +5,stat.png
narita_taishin_wit,Narita Taishin,[Strict Shopper],Taishin_witSSR01.png,narita_taishin_wit.png,SSR,Wit,2026-01-05,Increases Speed gain when training together (1)|Increases the frequency at which the character participates in their preferred training type (20),lone_wolf|lay_low|calm_in_a_crowd|standing_by|masterful_gambit|end_closer_corners|intense_gaze,soft_step|passing_pro|sleeping_lion|standing_by|pressure,sleeping_lion,Wit +6|Skill Points +5,stat.png
curren_chan_wit,Curren Chan,[Cutie Pie with Shining Eyes],Curren_witSSR01.png,curren_chan_wit.png,SSR,Wit,2025-12-14,Amplifies the effect of mood when training together (15%)|Increases stat gain from races (5%),sprint_straightaways|sprinting_gear|meticulous_measures|hesitant_late_surgers|disorient,stop_right_there|playtime_s_over|perfect_prep|meticulous_measures|intimidate,perfect_prep,Wit +6|Skill Points +5,stat.png
mihono_bourbon_wit,Mihono Bourbon,[The Ghost Finds Halloween Magic],Bourbon_witSSR01.png,mihono_bourbon_wit.png,SSR,Wit,2025-11-24,Increases the effectiveness of training performed together (5%)|Increases initial Speed when beginning a Career playthrough (20) (Unlock at lv.40),snowy_days|front_runner_straightaways|front_runner_corners|early_lead,moxie|taking_the_lead|focus,taking_the_lead,Wit +6|Skill Points +5,stat.png
nice_nature_wit,Nice Nature,[Daring to Dream],Nature_witSSR01.png,nice_nature_wit.png,SSR,Wit,2025-10-30,Increases Wit gain when training together (1)|Increases stat gain from races (5%),kokura_racecourse|lay_low|a_small_breather|go_with_the_flow|hesitant_late_surgers|murmur|sharp_gaze,on_your_left|ramp_up,on_your_left,Wit +6|Skill Points +5,stat.png
seiun_sky_wit,Seiun Sky,[Paint the Sky Red],Seiun_witSSR01.png,seiun_sky_wit.png,SSR,Wit,2025-09-21,Increases Speed gain when training together (1)|Increases initial Wit when beginning a Career playthrough (20),long_shot|inner_post_proficiency|tail_held_high|hesitant_pace_chasers|frenzied_late_surgers|trick_front,frenzied_pace_chasers|vanguard_spirit|keeping_the_lead,vanguard_spirit,Wit +6|Skill Points +5,stat.png
mejiro_dober_wit,Mejiro Dober,"[My Thoughts, My Desires]",Dober_witSSR01.png,mejiro_dober_wit.png,SSR,Wit,2025-08-28,Increases the effectiveness of training performed together (5%)|Increases stat gain from races (5%) (Unlock at lv.40),kyoto_racecourse|sunny_days|late_surger_savvy|up_tempo|steadfast,the_bigger_picture|unyielding_spirit,the_bigger_picture,Wit +6|Skill Points +5,stat.png
fine_motion_wit,Fine Motion,[Wave of Gratitude],Fine_witSSR01.png,fine_motion_wit.png,SSR,Wit,2025-06-26,Increases the effectiveness of Friendship Training (10%)|Increases initial Friendship Gauge when beginning a Career playthrough (15),right_handed|fall_runner|outer_post_proficiency|straightaway_acceleration|nimble_navigator,speed_star|prepared_to_pass|corner_adept,speed_star,Wit +6|Skill Points +5,stat.png
air_shakur_wit,Air Shakur,[7 More Centimeters],Shakur_witSSR01.png,air_shakur_wit.png,SSR,Wit,2025-06-26,Amplifies the effect of mood when training together (15%)|Increases initial Friendship Gauge when beginning a Career playthrough (15),levelheaded|pressure|strategist,intense_gaze|straightaway_spurt|unyielding|pace_strategy,unyielding,Wit +6|Skill Points +5,stat.png
gold_city_sr_wit,Gold City,[Going for Gold],Gold_City_witSR01.png,gold_city_sr_wit.png,SR,Wit,2026-06-18,Increases Speed gain when training together (1)|Increases initial Wit when beginning a Career playthrough (20),long_shot|lone_wolf|rainy_days|watchful_eye|tail_held_high,straightaway_recovery|snowy_days|a_small_breather,,Wit +6|Skill Points +5,stat.png
sweep_tosho_sr_wit,Sweep Tosho,[Reckless Witch Training],Tosho_witSR01.png,sweep_tosho_sr_wit.png,SR,Wit,2026-04-12,Increases the effectiveness of training performed together (5%)|Increases initial Wit when beginning a Career playthrough (20),end_closer_savvy|after_school_stroll|end_closer_corners|slipstream|prudent_positioning|i_can_see_right_through_you|murmur,trick_rear|subdued_end_closers|end_closer_straightaways,,Wit +6|Skill Points +5,stat.png
ines_fujin_sr_wit,Ines Fujin,[You Earned It!],Fujin_witSR01.png,ines_fujin_sr_wit.png,SR,Wit,2026-02-25,Amplifies the effect of mood when training together (15%)|Increases stat gain from races (5%),moxie|steadfast|slipstream|playtime_s_over|speed_eater,medium_straightaways|sympathy|standard_distance|final_push|fast_paced,,Wit +6|Skill Points +5,stat.png
mejiro_ardan_sr_wit,Mejiro Ardan,[My Heart Will Go On],Ardan_witSR01.png,mejiro_ardan_sr_wit.png,SR,Wit,2025-10-02,Amplifies the effect of mood when training together (15%)|Increases the frequency at which hint events occur (20%),left_handed|pace_chaser_savvy|preferred_position|soft_step|pace_chaser_corners,hesitant_pace_chasers,,Wit +6|Skill Points +5,stat.png
nice_nature_sr_wit,Nice Nature,[Messing Around],nature_witSR01.png,nice_nature_sr_wit.png,SR,Wit,2025-07-16,Increases the effectiveness of training performed together (5%)|Increases initial Wit when beginning a Career playthrough (20) (Unlock at lv.35),kokura_racecourse|lay_low|a_small_breather|corner_acceleration|go_with_the_flow|hesitant_late_surgers|murmur|sharp_gaze,long_shot|ramp_up,,Wit +6|Skill Points +5,stat.png
ikuno_dictus_sr_wit,Ikuno Dictus,[Never Skip Warm-Ups],Ikuno_witSR01.png,ikuno_dictus_sr_wit.png,SR,Wit,2025-07-10,Increases Wit gain when training together (1)|Increases the frequency at which the character participates in their preferred training type (20),lay_low|calm_in_a_crowd|hawkeye|studious|sharp_gaze,frenzied_front_runners|frenzied_end_closers|trick_rear,,Wit +6|Skill Points +5,stat.png
fuji_kiseki_sr_wit,Fuji Kiseki,"[Well, Look Who's Home]",Kiseki_witSR01.png,fuji_kiseki_sr_wit.png,SR,Wit,2025-06-26,Increases skill point gain when training together (1)|Increases initial Wit when beginning a Career playthrough (20),summer_runner|cloudy_days|mile_corners|unyielding_spirit|trick_front,flustered_end_closers|prepared_to_pass,,Wit +6|Skill Points +5,stat.png
daiwa_scarlet_sr_wit,Daiwa Scarlet,[Nothing Hard Work Can't Solve!],Daiwa_witSR01.png,daiwa_scarlet_sr_wit.png,SR,Wit,2025-06-26,Amplifies the effect of mood when training together (15%)|Increases initial Friendship Gauge when beginning a Career playthrough (15),competitive_spirit|preferred_position|rosy_outlook|prepared_to_pass|up_tempo|shifting_gears,tactical_tweak|stamina_to_spare,,Wit +6|Skill Points +5,stat.png
agnes_tachyon_sr_wit,Agnes Tachyon,[Experimental Studies on Subject A],Tachyon_witSR01.png,agnes_tachyon_sr_wit.png,SR,Wit,2025-06-26,Increases skill point gain when training together (1)|Increases the frequency at which hint events occur (20%),up_tempo|medium_straightaways|medium_corners|tether,subdued_front_runners|late_surger_savvy,,Wit +6|Skill Points +5,stat.png
marvelous_sunday_sr_wit,Marvelous Sunday,[A Marvelous ☆ Plan],Sunday_witSR01.png,marvelous_sunday_sr_wit.png,SR,Wit,2025-06-26,Amplifies the effect of mood when training together (15%)|Increases initial Wit when beginning a Career playthrough (20),straightaway_adept|ramp_up|tail_held_high|hesitant_front_runners|hesitant_pace_chasers,hanshin_racecourse,,Wit +6|Skill Points +5,stat.png
matikanefukukitaru_sr_wit,Matikanefukukitaru,[Fate's Forecast],Matikanefukukitaru_witSR01.png,matikanefukukitaru_sr_wit.png,SR,Wit,2025-06-26,Increases the effectiveness of Friendship Training (10%)|Increases initial Friendship Gauge when beginning a Career playthrough (15),hakodate_racecourse|lucky_seven|calm_in_a_crowd|a_small_breather|triple_7s|late_surger_corners|trick_rear,right_handed,,Wit +6|Skill Points +5,stat.png
mejiro_dober_sr_wit,Mejiro Dober,[Ignore the Stares],Dober_witSR01.png,mejiro_dober_sr_wit.png,SR,Wit,2025-06-26,Increases the effectiveness of training performed together (5%)|Increases initial Wit when beginning a Career playthrough (20),kyoto_racecourse|sunny_days|late_surger_savvy|up_tempo|steadfast,slick_surge|unyielding_spirit,,Wit +6|Skill Points +5,stat.png
mr_cb_r_wit,Mr. C.B.,[Tracen Academy],MR_CB_witR01.png,mr_cb_r_wit.png,R,Wit,2026-04-30,,rainy_days|homestretch_haste|medium_corners|tail_held_high|corner_acceleration|straightaway_spurt|strategist,early_start,,Wit +6|Skill Points +5,stat.png
curren_chan_r_wit,Curren Chan,[Tracen Academy],Curren_witR01.png,curren_chan_r_wit.png,R,Wit,2025-12-14,,sprint_straightaways|sprinting_gear|meticulous_measures|hesitant_late_surgers|disorient,intimidate,,Wit +6|Skill Points +5,stat.png
mejiro_ardan_r_wit,Mejiro Ardan,[Tracen Academy],Ardan_witR01.png,mejiro_ardan_r_wit.png,R,Wit,2025-10-02,,left_handed|pace_chaser_savvy|preferred_position|soft_step|pace_chaser_corners,hesitant_pace_chasers,,Wit +6|Skill Points +5,stat.png
ikuno_dictus_r_wit,Ikuno Dictus,[Tracen Academy],Ikuno_witR01.png,ikuno_dictus_r_wit.png,R,Wit,2025-07-10,,lay_low|calm_in_a_crowd|hawkeye|studious|sharp_gaze,trick_rear,,Wit +6|Skill Points +5,stat.png
symboli_rudolf_r_wit,Symboli Rudolf,[Tracen Academy],Rudolf_witR01.png,symboli_rudolf_r_wit.png,R,Wit,2025-06-26,,pace_chaser_savvy|preferred_position|groundwork|tether|subdued_front_runners|subdued_pace_chasers|subdued_late_surgers|subdued_end_closers,rainy_days,,Wit +6|Skill Points +5,stat.png
daiwa_scarlet_r_wit,Daiwa Scarlet,[Tracen Academy],Daiwa_witR01.png,daiwa_scarlet_r_wit.png,R,Wit,2025-06-26,,competitive_spirit|preferred_position|rosyutlook|prepared_to_pass|up_tempo|shifting_gears,stamina_to_spare,,Wit +6|Skill Points +5,stat.png
fine_motion_r_wit,Fine Motion,[Tracen Academy],Fine_witR01.png,fine_motion_r_wit.png,R,Wit,2025-06-26,,right_handed|fall_runner|outer_post_proficiency|straightaway_acceleration|nimble_navigator,corner_adept,,Wit +6|Skill Points +5,stat.png
agnes_tachyon_r_wit,Agnes Tachyon,[Tracen Academy],Tachyon_witR01.png,agnes_tachyon_r_wit.png,R,Wit,2025-06-26,,up_tempo|medium_straightaways|medium_corners|tether,late_surger_savvy,,Wit +6|Skill Points +5,stat.png
air_shakur_r_wit,Air Shakur,[Tracen Academy],Shakur_witR01.png,air_shakur_r_wit.png,R,Wit,2025-06-26,,levelheaded|pressure|strategist,pace_strategy,,Wit +6|Skill Points +5,stat.png
marvelous_sunday_r_wit,Marvelous Sunday,[Tracen Academy],Sunday_witR01.png,marvelous_sunday_r_wit.png,R,Wit,2025-06-26,,straightaway_adept|ramp_up|tail_held_high|hesitant_front_runners|hesitant_pace_chasers,hanshin_racecourse,,Wit +6|Skill Points +5,stat.png
matikanefukukitaru_r_wit,Matikanefukukitaru,[Tracen Academy],Matikanefukukitaru_witR01.png,matikanefukukitaru_r_wit.png,R,Wit,2025-06-26,,hakodate_racecourse|lucky_seven|calm_in_a_crowd|a_small_breather|triple_7s|late_surger_corners|trick_rear,,,Wit +6|Skill Points +5,stat.png
mejiro_dober_r_wit,Mejiro Dober,[Tracen Academy],Dober_witR01.png,mejiro_dober_r_wit.png,R,Wit,2025-06-26,,kyoto_racecourse|sunny_days|late_surger_savvy|up_tempo|steadfast,unyielding_spirit,,Wit +6|Skill Points +5,stat.png
fuji_kiseki_r_wit,Fuji Kiseki,[Tracen Academy],Fuji_witR01.png,fuji_kiseki_r_wit.png,R,Wit,2025-06-26,,summer_runner|cloudy_days|mile_corners|unyielding_spirit|trick_front,prepared_to_pass,,Wit +6|Skill Points +5,stat.png

sasami_anshinzawa_friend,Sasami Anshinzawa,[This Might Sting!],Sasami_friendSSR01.png,sasami_anshinzawa_friend.png,SSR,Friend,2026-02-05,Sasami Anshinzawa random events are more likely to occur,,wallflower|corner_recovery_bad|risky_business|running_idle|nothing_ventured|uma_stan,nothing_ventured,,
riko_kashimoto_friend,Riko Kashimoto,[Planned Perfection],Riko_friendSSR01.png,riko_kashimoto_friend.png,SSR,Friend,2025-11-06,Decreases the probability of failure when training together (10%)|Decreases Energy consumed when training together (5%),,ramp_up|maverick|lone_wolf|rushing_gale|sympathy,rushing_gale,,
tazuna_hayakawa_friend,Tazuna Hayakawa,[Tracen Reception],Tazuna_friendSSR01.png,tazuna_hayakawa_friend.png,SSR,Friend,2025-06-26,Decreases the probability of failure when training together (10%)|Decreases Energy consumed when training together (5%),,watchful_eye|focus|concentration|tail_held_high,concentration,,
aoi_kiryuin_sr_friend,Aoi Kiryuin,[Trainers' Teamwork],Aoi_friendSR01.png,aoi_kiryuin_sr_friend.png,SR,Friend,2025-06-26,Decreases the probability of failure when training together (10%)|Decreases Energy consumed when training together (5%),,maverick|subdued_front_runners|hesitant_end_closers|lay_low|shake_it_out,,,
sasami_anshinzawa_r_friend,Sasami Anshinzawa,[Acupuncturist],Sasami_friendR01.png,sasami_anshinzawa_r_friend.png,R,Friend,2026-02-05,,,wallflower|corner_recovery_bad|risky_business|running_idle|uma_stan,,,
riko_kashimoto_r_friend,Riko Kashimoto,[Tracen Academy],Riko_friendR01.png,riko_kashimoto_r_friend.png,R,Friend,2025-11-06,,,ramp_up|maverick|lone_wolf|straightaway_acceleration|sympathy,,,
tazuna_hayakawa_r_friend,Tazuna Hayakawa,[Tracen Reception],Tazuna_friendR01.png,tazuna_hayakawa_r_friend.png,R,Friend,2025-06-26,,,watchful_eye|focus|tail_held_high,,,
aoi_kiryuin_r_friend,Aoi Kiryuin,[Trainers' Teamwork],Aoi_friendR01.png,aoi_kiryuin_r_friend.png,R,Friend,2025-06-26,,,maverick|subdued_front_runners|hesitant_end_closers|lay_low|shake_it_out,,,

throne_group,Heirs to the Throne,[Esteemed and Adored],Throne_groupSSR01.png,throne_group.png,SSR,Group,2026-06-25,Gain Skill Point Bonus (2) when the bond gauge is at least 80,,pace_chaser_straightaways|rainy_days|fighter|fighting_spirit|prudent_positioning|nakayama_racecourse|refraction_arc|medium_corners,refraction_arc,,